{"cameraMode":{"drawMode":0,"name":"Shaded","section":"Shading Mode"},"sceneLighting":true,"audioPlay":false,"sceneViewState":{"showFog":true,"showMaterialUpdate":false,"showSkybox":true,"showFlares":true,"showImageEffects":true,"showParticleSystems":true},"in2DMode":false,"pivot":{"x":-0.01235196739435196,"y":0.1062822937965393,"z":0.09243792295455933},"rotation":{"x":-0.2711503505706787,"y":0.058571457862854007,"z":-0.01653275080025196,"w":-0.9606162905693054},"size":0.4226418137550354,"orthographic":false}