{"cameraMode":{"drawMode":0,"name":"Shaded","section":"Shading Mode"},"sceneLighting":true,"audioPlay":false,"sceneViewState":{"showFog":true,"showMaterialUpdate":false,"showSkybox":true,"showFlares":true,"showImageEffects":true,"showParticleSystems":true},"in2DMode":false,"pivot":{"x":1.9733961820602418,"y":0.09736662358045578,"z":-0.02847541868686676},"rotation":{"x":-0.2597907483577728,"y":-0.10173344612121582,"z":0.027530508115887643,"w":-0.9599045515060425},"size":1.604161024093628,"orthographic":false}