{"cameraMode":{"drawMode":0,"name":"Shaded","section":"Shading Mode"},"sceneLighting":true,"audioPlay":false,"sceneViewState":{"showFog":true,"showMaterialUpdate":false,"showSkybox":true,"showFlares":true,"showImageEffects":true,"showParticleSystems":true,"showVisualEffectGraphs":true,"m_FxEnabled":true},"in2DMode":false,"pivot":{"x":2.2985754013061525,"y":0.08459103107452393,"z":1.3274996280670167},"rotation":{"x":0.10876533389091492,"y":-0.20188139379024507,"z":0.0225632693618536,"w":0.9731011986732483},"size":2.858463764190674,"orthographic":false}