{"cameraMode":{"drawMode":0,"name":"Shaded","section":"Shading Mode"},"sceneLighting":true,"audioPlay":false,"sceneViewState":{"showFog":true,"showMaterialUpdate":false,"showSkybox":true,"showFlares":true,"showImageEffects":true,"showParticleSystems":true},"in2DMode":false,"pivot":{"x":-6.114926338195801,"y":-15.578800201416016,"z":18.541996002197267},"rotation":{"x":0.21886613965034486,"y":-0.13705825805664063,"z":0.031071949750185014,"w":0.9656016826629639},"size":21.393508911132814,"orthographic":false}