{"cameraMode":{"drawMode":0,"name":"Shaded","section":"Shading Mode"},"sceneLighting":false,"audioPlay":false,"sceneViewState":{"showFog":true,"showMaterialUpdate":false,"showSkybox":false,"showFlares":true,"showImageEffects":true,"showParticleSystems":true},"in2DMode":false,"pivot":{"x":0.0299985408782959,"y":0.7356088757514954,"z":-2.2300000190734865},"rotation":{"x":0.09156903624534607,"y":0.04748176783323288,"z":-0.004370281007140875,"w":0.9946762919425964},"size":2.4955248832702638,"orthographic":false}