{"cameraMode":{"drawMode":0,"name":"Shaded","section":"Shading Mode"},"sceneLighting":false,"audioPlay":false,"sceneViewState":{"showFog":true,"showMaterialUpdate":false,"showSkybox":false,"showFlares":true,"showImageEffects":true,"showParticleSystems":true},"in2DMode":false,"pivot":{"x":0.19357162714004517,"y":6.616501808166504,"z":-0.8916927576065064},"rotation":{"x":0.23853561282157899,"y":-0.05183017626404762,"z":0.012755266390740872,"w":0.9697014093399048},"size":6.813293933868408,"orthographic":false}