{"cameraMode":{"drawMode":0,"name":"Shaded","section":"Shading Mode"},"sceneLighting":false,"audioPlay":false,"sceneViewState":{"showFog":true,"showMaterialUpdate":false,"showSkybox":false,"showFlares":true,"showImageEffects":true,"showParticleSystems":true},"in2DMode":false,"pivot":{"x":1.0152349472045899,"y":7.788582801818848,"z":-1.5290422439575196},"rotation":{"x":0.10900881886482239,"y":0.497216135263443,"z":-0.06313948333263397,"w":0.8584325909614563},"size":6.813293933868408,"orthographic":false}