{"cameraMode":{"drawMode":0,"name":"Shaded","section":"Shading Mode"},"sceneLighting":true,"audioPlay":false,"sceneViewState":{"showFog":true,"showMaterialUpdate":false,"showSkybox":true,"showFlares":true,"showImageEffects":true,"showParticleSystems":true},"in2DMode":false,"pivot":{"x":-0.02463979460299015,"y":0.05415263772010803,"z":0.04577690362930298},"rotation":{"x":-0.3362329602241516,"y":0.002823193557560444,"z":-0.0010085558751598,"w":-0.9417916536331177},"size":0.19139276444911958,"orthographic":false}