{"cameraMode":{"drawMode":0,"name":"Shaded","section":"Shading Mode"},"sceneLighting":true,"audioPlay":false,"sceneViewState":{"showFog":true,"showMaterialUpdate":false,"showSkybox":true,"showFlares":true,"showImageEffects":true,"showParticleSystems":true},"in2DMode":false,"pivot":{"x":-0.8667068481445313,"y":0.5181989669799805,"z":-4.529811859130859},"rotation":{"x":-0.25493890047073367,"y":0.11914543807506561,"z":-0.03167330473661423,"w":-0.9590747356414795},"size":14.196545600891114,"orthographic":false}