{"cameraMode":{"drawMode":0,"name":"Shaded","section":"Shading Mode"},"sceneLighting":true,"audioPlay":false,"sceneViewState":{"showFog":true,"showMaterialUpdate":false,"showSkybox":true,"showFlares":true,"showImageEffects":true,"showParticleSystems":true},"in2DMode":false,"pivot":{"x":-0.43989098072052,"y":-3.0233774185180666,"z":7.755171775817871},"rotation":{"x":0.20787039399147035,"y":0.00440131314098835,"z":-0.0009358878596685827,"w":0.9781540632247925},"size":10.0,"orthographic":false}