{"cameraMode":{"drawMode":0,"name":"Shaded","section":"Shading Mode"},"sceneLighting":true,"audioPlay":false,"sceneViewState":{"showFog":true,"showMaterialUpdate":false,"showSkybox":true,"showFlares":true,"showImageEffects":true,"showParticleSystems":true},"in2DMode":false,"pivot":{"x":2.473461151123047,"y":3.1193275451660158,"z":-3.2712955474853517},"rotation":{"x":-0.0882035568356514,"y":0.10499252378940582,"z":-0.009340069256722927,"w":-0.9905508160591126},"size":10.0,"orthographic":false}