{"cameraMode":{"drawMode":0,"name":"Shaded","section":"Shading Mode"},"sceneLighting":true,"audioPlay":false,"sceneViewState":{"showFog":true,"showMaterialUpdate":false,"showSkybox":true,"showFlares":true,"showImageEffects":true,"showParticleSystems":true},"in2DMode":false,"pivot":{"x":-1.5243864059448243,"y":5.009891033172607,"z":-2.0128211975097658},"rotation":{"x":-0.22409100830554963,"y":-0.5104598999023438,"z":0.13983863592147828,"w":-0.8183532357215881},"size":6.530813217163086,"orthographic":false}