{"cameraMode":{"drawMode":0,"name":"Shaded","section":"Shading Mode"},"sceneLighting":true,"audioPlay":false,"sceneViewState":{"showFog":true,"showMaterialUpdate":false,"showSkybox":true,"showFlares":true,"showImageEffects":true,"showParticleSystems":true},"in2DMode":false,"pivot":{"x":-7.558991432189941,"y":-1.908593773841858,"z":-2.4236836433410646},"rotation":{"x":0.26372838020324709,"y":-0.5339304804801941,"z":0.17984530329704286,"w":0.7829611897468567},"size":22.94260597229004,"orthographic":true}