{"cameraMode":{"drawMode":0,"name":"Shaded","section":"Shading Mode"},"sceneLighting":true,"audioPlay":false,"sceneViewState":{"showFog":true,"showMaterialUpdate":false,"showSkybox":true,"showFlares":true,"showImageEffects":true,"showParticleSystems":true},"in2DMode":false,"pivot":{"x":19.82112693786621,"y":33.2021484375,"z":20.409053802490236},"rotation":{"x":0.18283462524414063,"y":-0.5435178279876709,"z":0.12268292158842087,"w":0.8100054860115051},"size":2.770333766937256,"orthographic":false}