{"cameraMode":{"drawMode":2,"name":"Shaded Wireframe","section":"Shading Mode"},"sceneLighting":false,"audioPlay":false,"sceneViewState":{"showFog":true,"showMaterialUpdate":false,"showSkybox":false,"showFlares":true,"showImageEffects":true,"showParticleSystems":true},"in2DMode":false,"pivot":{"x":-10.992738723754883,"y":24.205665588378908,"z":-17.429414749145509},"rotation":{"x":0.21433016657829286,"y":-0.6036593317985535,"z":0.17293372750282288,"w":0.7481781244277954},"size":7.959224700927734,"orthographic":false}