{"cameraMode":{"drawMode":0,"name":"Shaded","section":"Shading Mode"},"sceneLighting":true,"audioPlay":false,"sceneViewState":{"showFog":true,"showMaterialUpdate":false,"showSkybox":true,"showFlares":true,"showImageEffects":true,"showParticleSystems":true},"in2DMode":false,"pivot":{"x":-41.076480865478519,"y":-6.117011547088623,"z":377.56597900390627},"rotation":{"x":0.20563586056232453,"y":-0.42848116159439089,"z":0.10071584582328797,"w":0.8741856217384338},"size":50.38606262207031,"orthographic":false}