{"cameraMode":{"drawMode":2,"name":"Shaded Wireframe","section":"Shading Mode"},"sceneLighting":false,"audioPlay":false,"sceneViewState":{"showFog":true,"showMaterialUpdate":false,"showSkybox":false,"showFlares":true,"showImageEffects":true,"showParticleSystems":true},"in2DMode":false,"pivot":{"x":-7.425119400024414,"y":21.371482849121095,"z":-14.47136402130127},"rotation":{"x":0.333497017621994,"y":-0.45410242676734927,"z":0.18825951218605042,"w":0.8044540286064148},"size":7.959224700927734,"orthographic":false}