{"cameraMode":{"drawMode":0,"name":"Shaded","section":"Shading Mode"},"sceneLighting":false,"audioPlay":false,"sceneViewState":{"showFog":true,"showMaterialUpdate":false,"showSkybox":false,"showFlares":true,"showImageEffects":true,"showParticleSystems":true},"in2DMode":false,"pivot":{"x":28.998336791992189,"y":35.623146057128909,"z":16.303491592407228},"rotation":{"x":0.10870400816202164,"y":-0.5966214537620544,"z":0.08187443017959595,"w":0.7910250425338745},"size":1.3794755935668946,"orthographic":false}