{"cameraMode":{"drawMode":0,"name":"Shaded","section":"Shading Mode"},"sceneLighting":true,"audioPlay":false,"sceneViewState":{"showFog":true,"showMaterialUpdate":false,"showSkybox":true,"showFlares":true,"showImageEffects":true,"showParticleSystems":true},"in2DMode":false,"pivot":{"x":1.4812352657318116,"y":0.9659396409988403,"z":3.270740032196045},"rotation":{"x":-0.18967071175575257,"y":0.6976107954978943,"z":-0.20007984340190888,"w":-0.6613196730613709},"size":3.3073947429656984,"orthographic":false}