{"cameraMode":{"drawMode":0,"name":"Shaded","section":"Shading Mode"},"sceneLighting":true,"audioPlay":false,"sceneViewState":{"showFog":true,"showMaterialUpdate":false,"showSkybox":true,"showFlares":true,"showImageEffects":true,"showParticleSystems":true},"in2DMode":false,"pivot":{"x":9.866368293762207,"y":1.0804363489151,"z":0.3728777766227722},"rotation":{"x":-0.30405908823013308,"y":0.2249291092157364,"z":-0.07411742955446243,"w":-0.9227485060691834},"size":2.71132230758667,"orthographic":false}